,TRUST,TRUST++ MV,TRUST++ tuned,boosting,MC,B,N
0,0.027105,0.024199999999999958,0.024079999999999987,0.02234999999999999,0.044569999999999964,10000,1
1,0.023934999999999994,0.02007999999999999,0.020145,0.02132999999999998,0.04014500000000001,10000,1
2,0.02609999999999998,0.022574999999999977,0.02240499999999999,0.02450999999999998,0.045184999999999996,10000,1
3,0.024145000000000007,0.02076999999999999,0.023634999999999982,0.026389999999999976,0.041960000000000004,10000,1
4,0.02757499999999998,0.023730000000000008,0.024374999999999977,0.02222999999999997,0.04433000000000001,10000,1
5,0.026549999999999983,0.022424999999999983,0.023555000000000006,0.021159999999999967,0.043015,10000,1
6,0.026559999999999997,0.02309499999999999,0.023489999999999976,0.02483499999999997,0.04268499999999999,10000,1
7,0.02554999999999999,0.023554999999999965,0.023554999999999965,0.024489999999999977,0.04177000000000002,10000,1
8,0.026534999999999993,0.021454999999999985,0.021574999999999993,0.02479499999999999,0.04278000000000003,10000,1
9,0.026710000000000022,0.02213499999999997,0.022129999999999997,0.027044999999999975,0.042619999999999984,10000,1
10,0.023484999999999992,0.021114999999999984,0.021494999999999993,0.019464999999999993,0.044045000000000015,10000,1
11,0.023865000000000008,0.021324999999999986,0.022569999999999996,0.023284999999999986,0.044114999999999994,10000,1
12,0.02533499999999998,0.02175999999999997,0.02175999999999997,0.022904999999999974,0.04353000000000001,10000,1
13,0.027059999999999976,0.022104999999999975,0.022509999999999978,0.026309999999999965,0.04386500000000001,10000,1
14,0.02613000000000002,0.023780000000000006,0.024169999999999976,0.027804999999999972,0.04378000000000002,10000,1
15,0.02519000000000001,0.023004999999999977,0.02370999999999998,0.02292999999999997,0.04336500000000001,10000,1
16,0.027115000000000028,0.02404000000000002,0.02308999999999998,0.02302,0.0407,10000,1
17,0.025569999999999985,0.021369999999999986,0.021369999999999986,0.02200499999999997,0.04230999999999998,10000,1
18,0.02662499999999999,0.022589999999999978,0.023089999999999986,0.01958999999999997,0.04093000000000001,10000,1
19,0.03076499999999999,0.019579999999999983,0.019579999999999983,0.021649999999999975,0.043590000000000025,10000,1
20,0.027014999999999952,0.022325000000000005,0.023139999999999983,0.024759999999999976,0.044075,10000,1
21,0.025990000000000006,0.022379999999999983,0.02199999999999999,0.022094999999999986,0.043025,10000,1
22,0.023429999999999992,0.02134999999999997,0.021594999999999972,0.02022999999999996,0.04351000000000003,10000,1
23,0.024440000000000028,0.02364500000000001,0.02377,0.024779999999999996,0.04292500000000001,10000,1
24,0.02579,0.022845,0.022845,0.02224499999999999,0.04307000000000001,10000,1
25,0.02429999999999999,0.021049999999999985,0.021150000000000013,0.022129999999999993,0.04172499999999999,10000,1
26,0.024884999999999994,0.021304999999999984,0.02061,0.023294999999999982,0.04869000000000003,10000,1
27,0.027045000000000017,0.02255499999999998,0.022444999999999972,0.023384999999999986,0.04339000000000003,10000,1
28,0.027079999999999983,0.022239999999999985,0.02227000000000001,0.027774999999999998,0.04143499999999999,10000,1
29,0.02407499999999998,0.02098499999999999,0.021704999999999985,0.022449999999999984,0.04417999999999998,10000,1
0,0.02014999999999998,0.019269999999999978,0.019025000000000018,0.021199999999999955,0.03843999999999998,15000,1
1,0.02122,0.019864999999999994,0.019894999999999975,0.020634999999999976,0.0367,15000,1
2,0.023935000000000005,0.019119999999999984,0.01959999999999998,0.020254999999999978,0.03566000000000001,15000,1
3,0.02375499999999999,0.01923,0.019779999999999978,0.023464999999999975,0.03436999999999999,15000,1
4,0.02546999999999998,0.01934499999999998,0.01978,0.02008499999999999,0.039204999999999976,15000,1
5,0.025409999999999967,0.018434999999999976,0.018920000000000003,0.022294999999999975,0.035440000000000006,15000,1
6,0.02151499999999998,0.01906,0.019484999999999992,0.020624999999999963,0.03553,15000,1
7,0.02401499999999998,0.02022999999999999,0.019735,0.021284999999999984,0.03879,15000,1
8,0.021519999999999987,0.01917499999999999,0.01886999999999997,0.01922499999999998,0.03902999999999999,15000,1
9,0.024999999999999994,0.02072499999999998,0.021364999999999995,0.02005999999999998,0.03567499999999999,15000,1
10,0.025484999999999997,0.019459999999999984,0.01899999999999999,0.02155999999999997,0.03509499999999997,15000,1
11,0.025534999999999974,0.01995999999999998,0.020144999999999982,0.020674999999999968,0.03758500000000001,15000,1
12,0.025134999999999977,0.018445,0.020009999999999983,0.01995499999999998,0.03798499999999998,15000,1
13,0.024965000000000005,0.020604999999999974,0.02029,0.022149999999999937,0.039945,15000,1
14,0.024544999999999987,0.018479999999999983,0.01811999999999998,0.02187499999999999,0.03900000000000003,15000,1
15,0.024214999999999987,0.019334999999999995,0.018864999999999976,0.022754999999999987,0.037970000000000004,15000,1
16,0.02135,0.018199999999999977,0.018774999999999997,0.02138499999999996,0.03495500000000001,15000,1
17,0.027139999999999984,0.01863999999999998,0.01863999999999998,0.02284499999999996,0.03845499999999999,15000,1
18,0.02561,0.019510000000000013,0.018994999999999988,0.018629999999999987,0.03246999999999999,15000,1
19,0.025210000000000017,0.02172499999999998,0.020864999999999974,0.023699999999999975,0.03645500000000001,15000,1
20,0.023499999999999976,0.019869999999999968,0.019949999999999975,0.023364999999999983,0.03202,15000,1
21,0.023499999999999997,0.018995,0.018614999999999993,0.020014999999999984,0.035415000000000016,15000,1
22,0.023174999999999994,0.020909999999999988,0.02083499999999999,0.02050999999999998,0.03615499999999999,15000,1
23,0.022729999999999976,0.019089999999999968,0.019264999999999984,0.021579999999999995,0.030770000000000016,15000,1
24,0.024004999999999988,0.02099499999999999,0.02103999999999998,0.022584999999999963,0.034934999999999994,15000,1
25,0.02376499999999999,0.020394999999999983,0.020394999999999983,0.02040999999999999,0.034765,15000,1
26,0.024240000000000005,0.019534999999999973,0.019424999999999998,0.021784999999999992,0.03628499999999999,15000,1
27,0.02225499999999999,0.018599999999999988,0.018874999999999982,0.02195499999999998,0.03579499999999999,15000,1
28,0.02465000000000001,0.020145,0.01942999999999997,0.02226999999999998,0.04221500000000003,15000,1
29,0.02254499999999999,0.01929499999999998,0.018990000000000003,0.021459999999999972,0.03454500000000001,15000,1
0,0.02279999999999995,0.018909999999999972,0.01848499999999998,0.019009999999999968,0.028309999999999988,20000,1
1,0.024540000000000017,0.020889999999999995,0.021019999999999976,0.022879999999999998,0.030145000000000005,20000,1
2,0.02381499999999998,0.019419999999999982,0.01853999999999998,0.01891499999999997,0.030605000000000004,20000,1
3,0.02511,0.01973499999999998,0.018139999999999976,0.021594999999999986,0.031784999999999994,20000,1
4,0.024069999999999984,0.018835,0.019164999999999998,0.02239500000000001,0.030510000000000006,20000,1
5,0.022209999999999983,0.017489999999999985,0.018484999999999998,0.018019999999999987,0.03185999999999999,20000,1
6,0.02178999999999998,0.01856999999999998,0.01834499999999999,0.020169999999999987,0.032289999999999985,20000,1
7,0.027039999999999984,0.01844999999999999,0.018309999999999983,0.018834999999999977,0.03044000000000001,20000,1
8,0.02386499999999998,0.019234999999999974,0.018369999999999977,0.022099999999999967,0.029730000000000003,20000,1
9,0.02398499999999995,0.01973499999999998,0.019064999999999985,0.02284,0.030740000000000024,20000,1
10,0.024729999999999985,0.018894999999999995,0.018575000000000008,0.02183999999999999,0.029859999999999998,20000,1
11,0.026395,0.02023499999999999,0.020419999999999994,0.022344999999999976,0.031850000000000024,20000,1
12,0.02187999999999999,0.01764999999999999,0.01764999999999999,0.019719999999999988,0.029694999999999992,20000,1
13,0.021814999999999987,0.01880999999999999,0.018510000000000006,0.02037499999999997,0.028975,20000,1
14,0.02224499999999999,0.017779999999999997,0.01834499999999999,0.019754999999999977,0.02976500000000001,20000,1
15,0.022694999999999993,0.017669999999999995,0.017454999999999977,0.019999999999999993,0.031835000000000016,20000,1
16,0.021794999999999978,0.017169999999999987,0.01705999999999999,0.022239999999999985,0.03268,20000,1
17,0.022715000000000006,0.01846,0.02004499999999999,0.021464999999999984,0.02898999999999998,20000,1
18,0.02269,0.018539999999999994,0.018049999999999997,0.01965999999999998,0.031224999999999982,20000,1
19,0.022334999999999983,0.01736,0.017695000000000006,0.021309999999999975,0.03055499999999999,20000,1
20,0.021194999999999995,0.01820999999999998,0.018299999999999986,0.01943999999999997,0.032665,20000,1
21,0.023045000000000003,0.019045,0.018454999999999992,0.02048,0.032959999999999996,20000,1
22,0.021914999999999987,0.01821999999999998,0.01844999999999998,0.020564999999999962,0.028459999999999982,20000,1
23,0.022604999999999983,0.017259999999999984,0.017259999999999984,0.01976499999999999,0.029749999999999995,20000,1
24,0.023985000000000003,0.018974999999999992,0.018664999999999987,0.020489999999999987,0.03157000000000001,20000,1
25,0.02464999999999998,0.01829499999999998,0.018544999999999992,0.02150999999999997,0.031039999999999998,20000,1
26,0.026020000000000015,0.019369999999999984,0.01869499999999999,0.021859999999999973,0.029890000000000024,20000,1
27,0.02142999999999998,0.01843999999999997,0.018414999999999994,0.020824999999999986,0.02959499999999999,20000,1
28,0.023025000000000007,0.017654999999999994,0.018834999999999963,0.018129999999999993,0.028575000000000017,20000,1
29,0.02104499999999998,0.018679999999999985,0.018385000000000002,0.01909499999999998,0.028870000000000017,20000,1
0,0.020944999999999988,0.018545000000000006,0.01854499999999998,0.01930999999999998,0.028044999999999983,30000,1
1,0.019389999999999977,0.01562499999999997,0.015429999999999989,0.017504999999999982,0.026104999999999993,30000,1
2,0.02142499999999998,0.018784999999999975,0.01853499999999999,0.017364999999999967,0.026614999999999975,30000,1
3,0.02214999999999996,0.017469999999999975,0.017719999999999972,0.02139499999999997,0.026215000000000006,30000,1
4,0.022324999999999998,0.01773499999999998,0.01735499999999998,0.01964999999999998,0.028084999999999978,30000,1
5,0.01943499999999998,0.017529999999999976,0.01595499999999999,0.019534999999999986,0.02846499999999999,30000,1
6,0.01999999999999999,0.016634999999999997,0.01640999999999998,0.01811999999999998,0.02803,30000,1
7,0.022579999999999985,0.017585000000000003,0.017224999999999976,0.02073000000000001,0.02782999999999997,30000,1
8,0.020159999999999977,0.01746499999999998,0.016144999999999986,0.018264999999999997,0.02949000000000002,30000,1
9,0.021139999999999985,0.01648999999999999,0.016649999999999977,0.018084999999999966,0.027665,30000,1
10,0.021355,0.01629499999999999,0.01650499999999999,0.018709999999999984,0.027889999999999988,30000,1
11,0.019824999999999992,0.01739999999999997,0.016204999999999976,0.019109999999999967,0.027359999999999968,30000,1
12,0.021849999999999987,0.01815999999999997,0.018399999999999975,0.01983999999999997,0.02673499999999998,30000,1
13,0.021514999999999986,0.017584999999999986,0.017254999999999982,0.019484999999999964,0.029224999999999998,30000,1
14,0.02021,0.01781999999999999,0.01684999999999998,0.018234999999999984,0.029579999999999988,30000,1
15,0.02097999999999997,0.01764499999999999,0.01707499999999998,0.01903499999999996,0.029135000000000005,30000,1
16,0.02089999999999997,0.017399999999999992,0.01617499999999997,0.01764499999999997,0.030799999999999987,30000,1
17,0.02036999999999999,0.015834999999999985,0.01586499999999998,0.016574999999999986,0.03036999999999998,30000,1
18,0.022854999999999973,0.017419999999999977,0.01762999999999997,0.019914999999999974,0.028489999999999988,30000,1
19,0.022269999999999967,0.017619999999999972,0.01765499999999999,0.01995499999999998,0.02757999999999999,30000,1
20,0.021939999999999987,0.017394999999999987,0.01702499999999997,0.01956499999999997,0.026709999999999994,30000,1
21,0.023145,0.017494999999999972,0.01736999999999997,0.01868499999999998,0.027194999999999987,30000,1
22,0.021509999999999987,0.01797499999999998,0.017594999999999975,0.020409999999999977,0.027155,30000,1
23,0.022594999999999987,0.01733999999999999,0.01721499999999998,0.017169999999999984,0.02938499999999998,30000,1
24,0.02072499999999998,0.01624499999999999,0.016289999999999978,0.01827499999999997,0.028374999999999963,30000,1
25,0.023404999999999967,0.01570499999999998,0.016464999999999994,0.01785999999999998,0.026635,30000,1
26,0.020560000000000002,0.01719999999999998,0.016514999999999974,0.017539999999999965,0.027215,30000,1
27,0.019824999999999978,0.018374999999999996,0.018404999999999977,0.020074999999999985,0.028450000000000017,30000,1
28,0.02080499999999999,0.017234999999999973,0.016859999999999976,0.020304999999999983,0.03102999999999998,30000,1
29,0.020609999999999976,0.017829999999999985,0.017369999999999986,0.020769999999999966,0.027289999999999984,30000,1
0,0.016084999999999967,0.01572499999999998,0.014664999999999985,0.014929999999999992,0.020739999999999995,10000,5
1,0.01595999999999999,0.015949999999999992,0.014839999999999987,0.015139999999999989,0.022394999999999995,10000,5
2,0.020265000000000005,0.01591500000000001,0.014389999999999988,0.013924999999999986,0.021334999999999982,10000,5
3,0.01836999999999997,0.015509999999999986,0.015194999999999991,0.015244999999999977,0.024374999999999977,10000,5
4,0.017299999999999986,0.016079999999999994,0.015179999999999989,0.015914999999999978,0.02215999999999999,10000,5
5,0.01750999999999998,0.01585499999999998,0.014889999999999981,0.015829999999999973,0.023379999999999984,10000,5
6,0.017754999999999986,0.014204999999999988,0.013929999999999975,0.01421999999999998,0.02362999999999998,10000,5
7,0.015294999999999961,0.014904999999999996,0.013984999999999975,0.014384999999999976,0.022014999999999986,10000,5
8,0.01585499999999999,0.017204999999999967,0.014574999999999979,0.016119999999999978,0.02244500000000002,10000,5
9,0.01749999999999997,0.015769999999999992,0.015224999999999989,0.013669999999999993,0.020849999999999987,10000,5
10,0.01858999999999997,0.015469999999999989,0.01526999999999998,0.015919999999999976,0.02196499999999999,10000,5
11,0.016095000000000005,0.01609999999999998,0.01430499999999999,0.014569999999999974,0.022285,10000,5
12,0.016754999999999968,0.014204999999999973,0.013784999999999976,0.018589999999999957,0.023135000000000006,10000,5
13,0.016724999999999973,0.014684999999999988,0.013739999999999981,0.014839999999999987,0.020169999999999973,10000,5
14,0.01565499999999999,0.015569999999999994,0.014314999999999977,0.013929999999999988,0.022989999999999983,10000,5
15,0.017394999999999997,0.016015,0.014539999999999982,0.014565,0.021864999999999992,10000,5
16,0.01759999999999999,0.017179999999999983,0.014914999999999979,0.01610999999999998,0.020294999999999987,10000,5
17,0.01670999999999999,0.01576999999999998,0.015319999999999992,0.014369999999999978,0.022569999999999982,10000,5
18,0.016279999999999975,0.015259999999999982,0.014674999999999985,0.015464999999999974,0.02412499999999998,10000,5
19,0.016405,0.01578999999999998,0.014584999999999976,0.014154999999999987,0.023219999999999987,10000,5
20,0.01572999999999997,0.01569499999999997,0.015244999999999979,0.015559999999999978,0.023845000000000005,10000,5
21,0.016474999999999976,0.015679999999999993,0.014279999999999984,0.014579999999999989,0.022394999999999988,10000,5
22,0.017739999999999975,0.01686499999999999,0.015364999999999985,0.014904999999999991,0.02259500000000001,10000,5
23,0.020449999999999958,0.015519999999999977,0.014804999999999988,0.015754999999999963,0.022420000000000016,10000,5
24,0.015654999999999964,0.014909999999999984,0.01378999999999998,0.014614999999999984,0.021824999999999987,10000,5
25,0.017549999999999975,0.01744999999999998,0.015674999999999967,0.019269999999999954,0.021279999999999997,10000,5
26,0.017004999999999985,0.016544999999999987,0.015114999999999995,0.01585499999999999,0.022584999999999997,10000,5
27,0.018255,0.01571499999999998,0.01520499999999999,0.015129999999999984,0.02144999999999998,10000,5
28,0.017549999999999965,0.015835,0.015174999999999984,0.014914999999999958,0.020945000000000002,10000,5
29,0.016454999999999977,0.01601499999999998,0.01508499999999999,0.015249999999999972,0.023055,10000,5
0,0.01617499999999997,0.01525999999999999,0.014344999999999965,0.016869999999999948,0.01888499999999998,15000,5
1,0.016369999999999985,0.014194999999999989,0.014439999999999967,0.013859999999999982,0.018684999999999986,15000,5
2,0.016154999999999982,0.014904999999999988,0.014229999999999982,0.01508499999999997,0.018784999999999982,15000,5
3,0.016014999999999974,0.01616999999999998,0.014054999999999984,0.013889999999999984,0.018554999999999978,15000,5
4,0.014674999999999992,0.014605000000000003,0.013309999999999978,0.014004999999999984,0.02055999999999999,15000,5
5,0.01737499999999997,0.016039999999999978,0.013819999999999992,0.014634999999999978,0.019084999999999956,15000,5
6,0.014784999999999982,0.014609999999999977,0.013599999999999975,0.014104999999999987,0.017504999999999958,15000,5
7,0.01722499999999999,0.014919999999999982,0.014434999999999977,0.013119999999999986,0.02004999999999997,15000,5
8,0.015599999999999987,0.015089999999999992,0.014044999999999983,0.015174999999999978,0.02021499999999997,15000,5
9,0.015064999999999986,0.01625999999999998,0.014439999999999991,0.014554999999999998,0.01784499999999997,15000,5
10,0.01646499999999999,0.016434999999999998,0.013714999999999984,0.015044999999999982,0.020159999999999973,15000,5
11,0.01676499999999996,0.014859999999999983,0.013829999999999985,0.015014999999999978,0.019444999999999983,15000,5
12,0.016724999999999983,0.015795,0.013869999999999988,0.018484999999999953,0.01787999999999999,15000,5
13,0.01810499999999998,0.014240000000000004,0.013519999999999992,0.012769999999999993,0.021009999999999973,15000,5
14,0.01663499999999999,0.015774999999999994,0.014814999999999993,0.01736499999999999,0.019939999999999992,15000,5
15,0.015930000000000003,0.015024999999999981,0.014490000000000003,0.014434999999999977,0.01936999999999997,15000,5
16,0.016359999999999972,0.014445000000000006,0.013019999999999992,0.013539999999999981,0.018754999999999977,15000,5
17,0.017384999999999977,0.014859999999999984,0.014009999999999988,0.014549999999999983,0.021279999999999976,15000,5
18,0.015574999999999985,0.016029999999999992,0.013879999999999981,0.014284999999999983,0.018919999999999982,15000,5
19,0.01597499999999996,0.016339999999999986,0.014449999999999972,0.014724999999999986,0.021189999999999966,15000,5
20,0.01639499999999999,0.014704999999999982,0.014179999999999979,0.012834999999999987,0.01916499999999999,15000,5
21,0.016539999999999968,0.015904999999999968,0.014099999999999979,0.015094999999999964,0.018479999999999972,15000,5
22,0.015949999999999985,0.014679999999999981,0.014174999999999976,0.014799999999999973,0.021009999999999956,15000,5
23,0.017394999999999952,0.016229999999999987,0.015619999999999974,0.01659499999999998,0.01867999999999997,15000,5
24,0.015234999999999983,0.014234999999999989,0.014204999999999988,0.014469999999999983,0.01817999999999999,15000,5
25,0.017609999999999956,0.015434999999999983,0.014519999999999969,0.018619999999999984,0.018979999999999976,15000,5
26,0.01626499999999997,0.015539999999999974,0.014064999999999987,0.014019999999999975,0.018659999999999986,15000,5
27,0.01520499999999997,0.014454999999999997,0.013964999999999964,0.013534999999999972,0.016959999999999958,15000,5
28,0.01718499999999997,0.016344999999999967,0.014639999999999978,0.015369999999999986,0.020840000000000004,15000,5
29,0.017539999999999972,0.015314999999999985,0.014424999999999983,0.015154999999999997,0.02104499999999998,15000,5
0,0.01490499999999997,0.014864999999999993,0.013869999999999971,0.012969999999999988,0.01770499999999998,20000,5
1,0.015389999999999992,0.015149999999999992,0.013049999999999971,0.013955,0.017714999999999967,20000,5
2,0.017294999999999963,0.015819999999999994,0.013774999999999966,0.013659999999999992,0.018904999999999967,20000,5
3,0.015864999999999973,0.014424999999999986,0.013784999999999981,0.012799999999999987,0.017644999999999963,20000,5
4,0.01476999999999998,0.014764999999999967,0.013399999999999962,0.013519999999999971,0.019099999999999978,20000,5
5,0.01689499999999997,0.014950000000000001,0.013659999999999988,0.015539999999999976,0.018139999999999976,20000,5
6,0.01617499999999998,0.016059999999999987,0.013790000000000007,0.01390499999999999,0.018309999999999976,20000,5
7,0.014639999999999969,0.014810000000000005,0.013779999999999988,0.013204999999999967,0.017114999999999988,20000,5
8,0.015984999999999982,0.014704999999999989,0.014024999999999987,0.013684999999999989,0.01791499999999998,20000,5
9,0.014669999999999975,0.014634999999999976,0.013224999999999994,0.013974999999999977,0.017764999999999986,20000,5
10,0.01742999999999998,0.01590999999999998,0.013854999999999989,0.014369999999999985,0.018569999999999982,20000,5
11,0.01472499999999998,0.015164999999999993,0.013584999999999996,0.013899999999999985,0.017894999999999984,20000,5
12,0.01515999999999998,0.015559999999999987,0.013804999999999996,0.013895,0.017919999999999974,20000,5
13,0.01612499999999999,0.01502999999999999,0.013829999999999985,0.014194999999999987,0.017894999999999977,20000,5
14,0.015199999999999986,0.015104999999999988,0.013874999999999985,0.013604999999999983,0.019044999999999975,20000,5
15,0.014164999999999981,0.015004999999999984,0.012659999999999989,0.013739999999999983,0.01855499999999998,20000,5
16,0.017749999999999985,0.01582999999999997,0.014139999999999977,0.015619999999999972,0.018199999999999987,20000,5
17,0.016375,0.016419999999999983,0.01461999999999998,0.014514999999999985,0.017329999999999977,20000,5
18,0.015329999999999979,0.015339999999999989,0.01371499999999997,0.013974999999999984,0.018259999999999985,20000,5
19,0.015389999999999989,0.01666999999999998,0.013629999999999986,0.014149999999999963,0.019509999999999965,20000,5
20,0.015519999999999968,0.01577999999999997,0.01400999999999999,0.016204999999999966,0.01856499999999997,20000,5
21,0.014934999999999986,0.01593499999999998,0.013839999999999972,0.01389999999999999,0.017909999999999968,20000,5
22,0.014379999999999981,0.014660000000000005,0.012884999999999994,0.013074999999999993,0.01744999999999997,20000,5
23,0.015869999999999974,0.014834999999999989,0.013204999999999988,0.01448499999999998,0.018384999999999974,20000,5
24,0.01682999999999999,0.014789999999999987,0.013544999999999991,0.01323999999999999,0.01887499999999999,20000,5
25,0.01574499999999998,0.014874999999999989,0.013764999999999986,0.013729999999999975,0.01765999999999998,20000,5
26,0.016264999999999988,0.013999999999999981,0.01311999999999998,0.015849999999999975,0.01727999999999997,20000,5
27,0.015164999999999998,0.01507499999999999,0.01387499999999998,0.014894999999999986,0.019834999999999978,20000,5
28,0.016404999999999975,0.015184999999999959,0.013444999999999978,0.01418499999999999,0.018999999999999975,20000,5
29,0.016374999999999976,0.01574999999999999,0.01364999999999999,0.014379999999999973,0.01859499999999997,20000,5
0,0.015854999999999973,0.01533499999999999,0.01344999999999998,0.012924999999999987,0.016079999999999987,30000,5
1,0.014644999999999984,0.014564999999999988,0.01200499999999999,0.013354999999999976,0.015564999999999985,30000,5
2,0.015409999999999988,0.01567499999999999,0.012609999999999993,0.012869999999999986,0.018769999999999978,30000,5
3,0.015339999999999987,0.015930000000000014,0.01288999999999998,0.01341999999999998,0.015949999999999975,30000,5
4,0.014834999999999982,0.014955000000000012,0.012954999999999979,0.012065000000000006,0.016309999999999977,30000,5
5,0.015804999999999982,0.015554999999999992,0.013174999999999992,0.013364999999999976,0.016554999999999983,30000,5
6,0.015644999999999964,0.01512999999999999,0.01267999999999998,0.012739999999999975,0.01611999999999998,30000,5
7,0.015364999999999964,0.015985,0.013709999999999977,0.014469999999999974,0.016179999999999983,30000,5
8,0.01458999999999999,0.014914999999999986,0.013199999999999995,0.013245000000000002,0.016514999999999988,30000,5
9,0.015904999999999975,0.014309999999999979,0.012844999999999978,0.013049999999999992,0.017204999999999984,30000,5
10,0.015699999999999985,0.015410000000000005,0.012514999999999983,0.01393999999999999,0.01697999999999997,30000,5
11,0.014334999999999978,0.015779999999999985,0.012954999999999986,0.012964999999999978,0.016474999999999993,30000,5
12,0.014909999999999987,0.015564999999999978,0.013474999999999982,0.013409999999999977,0.017094999999999968,30000,5
13,0.01563499999999998,0.014539999999999989,0.012619999999999987,0.013184999999999985,0.016149999999999994,30000,5
14,0.015559999999999992,0.01457499999999999,0.012504999999999994,0.013144999999999971,0.016294999999999962,30000,5
15,0.014509999999999978,0.014574999999999994,0.013079999999999975,0.012904999999999965,0.016879999999999982,30000,5
16,0.014159999999999985,0.01596999999999999,0.012964999999999996,0.013039999999999986,0.017094999999999968,30000,5
17,0.01580499999999998,0.014844999999999992,0.013299999999999996,0.012919999999999997,0.016224999999999976,30000,5
18,0.01606999999999997,0.015934999999999987,0.013234999999999988,0.013074999999999958,0.016864999999999967,30000,5
19,0.01679999999999999,0.014799999999999995,0.013024999999999991,0.013369999999999983,0.017049999999999975,30000,5
20,0.015029999999999974,0.015339999999999987,0.01241,0.013314999999999987,0.017044999999999987,30000,5
21,0.014514999999999978,0.015244999999999998,0.012749999999999973,0.013619999999999997,0.01679999999999999,30000,5
22,0.01405499999999999,0.015989999999999994,0.013634999999999974,0.013089999999999992,0.016939999999999983,30000,5
23,0.014119999999999992,0.015444999999999993,0.012619999999999973,0.013389999999999975,0.017409999999999978,30000,5
24,0.013364999999999985,0.015604999999999997,0.012389999999999977,0.012759999999999985,0.016329999999999973,30000,5
25,0.015609999999999992,0.01473499999999999,0.011914999999999992,0.012704999999999984,0.017629999999999965,30000,5
26,0.016414999999999975,0.015249999999999994,0.013049999999999996,0.013064999999999978,0.01674999999999999,30000,5
27,0.01700499999999997,0.015694999999999973,0.012769999999999972,0.014259999999999978,0.015244999999999983,30000,5
28,0.015334999999999993,0.015969999999999995,0.013724999999999982,0.013034999999999968,0.01622499999999998,30000,5
29,0.015419999999999975,0.015369999999999993,0.013254999999999986,0.012829999999999982,0.01680499999999997,30000,5
0,0.020529999999999986,0.01919499999999999,0.01823999999999997,0.019549999999999984,0.04220499999999999,10000,10
1,0.019499999999999983,0.018504999999999987,0.017849999999999998,0.01982999999999999,0.03820000000000002,10000,10
2,0.019764999999999984,0.01860999999999998,0.018219999999999997,0.02023499999999997,0.039210000000000016,10000,10
3,0.021134999999999973,0.01927,0.01927,0.020164999999999992,0.04294999999999998,10000,10
4,0.020939999999999986,0.019419999999999993,0.018634999999999985,0.02228999999999999,0.03518499999999999,10000,10
5,0.019764999999999977,0.019059999999999997,0.01914999999999998,0.020004999999999967,0.040225,10000,10
6,0.01926999999999998,0.018555,0.01892499999999998,0.01820999999999998,0.037454999999999974,10000,10
7,0.01956999999999999,0.017674999999999982,0.018029999999999987,0.02086999999999998,0.03349499999999999,10000,10
8,0.02034499999999999,0.018724999999999974,0.01811999999999998,0.02095499999999999,0.046549999999999966,10000,10
9,0.021249999999999974,0.019889999999999984,0.01979999999999998,0.021614999999999975,0.03798000000000001,10000,10
10,0.021079999999999988,0.019139999999999983,0.019399999999999987,0.02077499999999996,0.04388000000000001,10000,10
11,0.019764999999999987,0.019629999999999984,0.01824000000000001,0.019655,0.038604999999999993,10000,10
12,0.020319999999999974,0.019219999999999973,0.019109999999999988,0.020649999999999995,0.03894,10000,10
13,0.021264999999999992,0.01965499999999996,0.018954999999999975,0.02193999999999999,0.03554,10000,10
14,0.021499999999999977,0.019369999999999988,0.019369999999999988,0.020094999999999974,0.042939999999999985,10000,10
15,0.021064999999999997,0.018769999999999974,0.018964999999999996,0.019424999999999977,0.043539999999999975,10000,10
16,0.02086499999999998,0.019744999999999978,0.019744999999999978,0.020174999999999995,0.04023999999999997,10000,10
17,0.02085999999999999,0.01843999999999997,0.018474999999999988,0.01979999999999999,0.039040000000000005,10000,10
18,0.01889999999999997,0.018609999999999998,0.019559999999999994,0.019194999999999976,0.03763999999999997,10000,10
19,0.021654999999999994,0.019574999999999988,0.01893999999999999,0.022419999999999985,0.041874999999999975,10000,10
20,0.018704999999999975,0.018879999999999994,0.01861999999999999,0.019089999999999968,0.04243,10000,10
21,0.02048499999999998,0.019360000000000016,0.019094999999999994,0.020749999999999994,0.034850000000000006,10000,10
22,0.019074999999999998,0.01956999999999998,0.019035000000000007,0.019264999999999977,0.03283500000000002,10000,10
23,0.020784999999999984,0.01977499999999998,0.01913,0.02106999999999998,0.032825,10000,10
24,0.02131999999999997,0.01941999999999999,0.01951999999999998,0.01959499999999997,0.035925000000000006,10000,10
25,0.020184999999999977,0.01769999999999998,0.017779999999999997,0.02303999999999998,0.03340999999999997,10000,10
26,0.020534999999999984,0.019269999999999964,0.018954999999999993,0.018479999999999993,0.04076999999999997,10000,10
27,0.020845000000000006,0.019200000000000005,0.01959999999999999,0.01939499999999997,0.04087999999999999,10000,10
28,0.020069999999999987,0.01863999999999998,0.01783999999999999,0.019369999999999995,0.039395000000000006,10000,10
29,0.019904999999999982,0.01890499999999999,0.019014999999999997,0.02063999999999998,0.04418000000000001,10000,10
0,0.018464999999999995,0.016844999999999985,0.016814999999999983,0.020039999999999992,0.03326499999999998,15000,10
1,0.02032499999999998,0.018299999999999993,0.01795999999999998,0.01995999999999998,0.03789999999999998,15000,10
2,0.021039999999999975,0.01948499999999998,0.018044999999999988,0.02208499999999998,0.036874999999999984,15000,10
3,0.02118499999999998,0.018704999999999975,0.01882499999999998,0.020024999999999973,0.034185,15000,10
4,0.020454999999999984,0.018724999999999988,0.018214999999999985,0.018809999999999966,0.03537999999999999,15000,10
5,0.01839999999999996,0.017979999999999993,0.01792499999999999,0.01851499999999999,0.036030000000000006,15000,10
6,0.019064999999999978,0.017685,0.01815499999999998,0.018879999999999994,0.03786499999999999,15000,10
7,0.021334999999999982,0.01836999999999999,0.017869999999999994,0.01932499999999997,0.03807499999999998,15000,10
8,0.020234999999999993,0.018195000000000006,0.01717500000000001,0.019739999999999997,0.03769499999999999,15000,10
9,0.01983999999999999,0.018864999999999986,0.01739499999999997,0.019089999999999982,0.03606999999999998,15000,10
10,0.018834999999999966,0.016944999999999977,0.017664999999999983,0.019839999999999983,0.0333,15000,10
11,0.01890999999999998,0.018944999999999986,0.01814500000000001,0.019029999999999995,0.039304999999999986,15000,10
12,0.019624999999999993,0.01846499999999999,0.018669999999999992,0.018564999999999995,0.042324999999999974,15000,10
13,0.020624999999999987,0.019394999999999992,0.01916500000000001,0.019739999999999976,0.035469999999999995,15000,10
14,0.019254999999999994,0.01870999999999999,0.01883999999999999,0.018659999999999993,0.049145,15000,10
15,0.020299999999999953,0.01927999999999999,0.01870499999999999,0.019779999999999975,0.036815000000000014,15000,10
16,0.020244999999999968,0.018649999999999996,0.018709999999999973,0.019449999999999978,0.03419500000000003,15000,10
17,0.01962499999999996,0.01781999999999999,0.01757999999999999,0.01970499999999998,0.03789999999999998,15000,10
18,0.018784999999999975,0.01770999999999998,0.01737,0.01851999999999998,0.035530000000000006,15000,10
19,0.02018499999999998,0.01861499999999999,0.01876499999999999,0.020124999999999966,0.038819999999999986,15000,10
20,0.020469999999999978,0.01999999999999998,0.01888499999999999,0.021194999999999985,0.040939999999999976,15000,10
21,0.02040499999999999,0.019334999999999984,0.018119999999999973,0.02048499999999998,0.03927499999999997,15000,10
22,0.020539999999999982,0.018424999999999993,0.016755000000000003,0.018474999999999967,0.04037999999999998,15000,10
23,0.02000499999999998,0.018524999999999982,0.018499999999999992,0.02003499999999998,0.034820000000000004,15000,10
24,0.01955499999999999,0.01860999999999997,0.01781999999999997,0.01875999999999997,0.03323499999999998,15000,10
25,0.020039999999999975,0.018104999999999975,0.018104999999999975,0.01886999999999997,0.042819999999999955,15000,10
26,0.01962499999999999,0.01822499999999998,0.017504999999999972,0.020304999999999983,0.03271999999999998,15000,10
27,0.01865999999999999,0.01791999999999998,0.017294999999999994,0.02009999999999998,0.03804000000000003,15000,10
28,0.020385,0.01838999999999999,0.018599999999999995,0.022194999999999993,0.03547499999999998,15000,10
29,0.020179999999999997,0.017794999999999978,0.017609999999999983,0.019764999999999994,0.03998499999999999,15000,10
0,0.019624999999999962,0.018179999999999977,0.017830000000000006,0.018229999999999982,0.03354499999999997,20000,10
1,0.019724999999999993,0.018169999999999988,0.01723999999999998,0.01833999999999998,0.031004999999999984,20000,10
2,0.01843499999999999,0.017384999999999998,0.016814999999999997,0.01812499999999999,0.03727999999999998,20000,10
3,0.019279999999999995,0.018709999999999987,0.017924999999999972,0.021029999999999993,0.03262,20000,10
4,0.018799999999999987,0.017689999999999987,0.017404999999999986,0.01967999999999999,0.03175000000000002,20000,10
5,0.018714999999999992,0.018304999999999974,0.016849999999999983,0.01880999999999999,0.033520000000000015,20000,10
6,0.018914999999999994,0.017019999999999993,0.017509999999999977,0.01963999999999998,0.03131000000000002,20000,10
7,0.018979999999999986,0.017829999999999978,0.01737499999999998,0.018689999999999988,0.03097,20000,10
8,0.019609999999999964,0.01941999999999998,0.018209999999999994,0.018274999999999972,0.03151999999999997,20000,10
9,0.019674999999999984,0.01719000000000001,0.016879999999999992,0.020605000000000002,0.03592,20000,10
10,0.02212499999999998,0.019335,0.01835999999999999,0.02057499999999998,0.03535000000000002,20000,10
11,0.018520000000000002,0.018269999999999984,0.017634999999999984,0.01919499999999998,0.035135,20000,10
12,0.019704999999999983,0.017574999999999993,0.016724999999999976,0.017884999999999988,0.03090000000000002,20000,10
13,0.018109999999999987,0.018739999999999986,0.017084999999999993,0.02025499999999998,0.033739999999999964,20000,10
14,0.018924999999999994,0.018164999999999994,0.017269999999999976,0.020079999999999997,0.03297,20000,10
15,0.019399999999999987,0.018754999999999977,0.018134999999999978,0.019879999999999978,0.031229999999999997,20000,10
16,0.01955499999999996,0.018749999999999982,0.017554999999999998,0.01912499999999998,0.036125,20000,10
17,0.019165,0.01776,0.01712499999999999,0.018744999999999984,0.030019999999999977,20000,10
18,0.02012999999999997,0.018695000000000007,0.01758499999999999,0.01877999999999999,0.030125,20000,10
19,0.020089999999999976,0.02013499999999998,0.018609999999999998,0.018614999999999975,0.032019999999999965,20000,10
20,0.01935499999999999,0.017934999999999975,0.016959999999999996,0.01803499999999999,0.034999999999999976,20000,10
21,0.018649999999999996,0.016994999999999982,0.01729499999999999,0.01791499999999996,0.03525499999999998,20000,10
22,0.01978999999999999,0.018884999999999978,0.018079999999999995,0.01964499999999999,0.03195,20000,10
23,0.018149999999999996,0.017434999999999985,0.017464999999999987,0.01806999999999999,0.033109999999999994,20000,10
24,0.018115000000000003,0.017494999999999986,0.017549999999999982,0.01835999999999998,0.03527499999999999,20000,10
25,0.019994999999999992,0.018334999999999994,0.017614999999999978,0.018494999999999987,0.031245000000000012,20000,10
26,0.020349999999999983,0.017404999999999993,0.017999999999999978,0.019359999999999985,0.031050000000000005,20000,10
27,0.01957499999999998,0.01774999999999998,0.017519999999999977,0.02013499999999998,0.03148000000000001,20000,10
28,0.01967499999999998,0.018179999999999984,0.01746499999999998,0.019459999999999988,0.03792499999999999,20000,10
29,0.018219999999999983,0.017195000000000016,0.01680999999999999,0.018014999999999986,0.03266500000000002,20000,10
0,0.019174999999999984,0.018729999999999983,0.017269999999999987,0.019654999999999992,0.030219999999999993,30000,10
1,0.019124999999999972,0.018349999999999988,0.01756499999999998,0.01797499999999998,0.029470000000000007,30000,10
2,0.018349999999999988,0.017334999999999972,0.01645999999999999,0.017669999999999974,0.029819999999999968,30000,10
3,0.01826499999999999,0.016855000000000002,0.01625999999999999,0.017734999999999976,0.030804999999999992,30000,10
4,0.01704499999999998,0.016419999999999994,0.017115000000000002,0.018174999999999983,0.029169999999999988,30000,10
5,0.01820499999999997,0.016594999999999974,0.01619999999999999,0.016579999999999977,0.030304999999999985,30000,10
6,0.019209999999999974,0.01823499999999999,0.01675999999999998,0.01944999999999997,0.027559999999999966,30000,10
7,0.019469999999999977,0.01866499999999999,0.01759999999999997,0.02040999999999997,0.03138499999999996,30000,10
8,0.01843499999999998,0.016999999999999984,0.016549999999999992,0.02090499999999998,0.029070000000000006,30000,10
9,0.017234999999999997,0.01711999999999998,0.016599999999999976,0.01769499999999999,0.03206999999999999,30000,10
10,0.01823499999999999,0.017754999999999993,0.01714999999999999,0.01800999999999998,0.030389999999999976,30000,10
11,0.018214999999999988,0.01641499999999999,0.016144999999999993,0.018739999999999986,0.02992000000000001,30000,10
12,0.01902999999999999,0.01700499999999999,0.01719999999999999,0.018559999999999983,0.027769999999999996,30000,10
13,0.019024999999999986,0.018415,0.01656,0.01894499999999998,0.029734999999999987,30000,10
14,0.01885499999999998,0.018294999999999985,0.017219999999999968,0.019214999999999982,0.02803499999999998,30000,10
15,0.018214999999999988,0.018089999999999974,0.016334999999999975,0.018154999999999973,0.02947000000000001,30000,10
16,0.018984999999999995,0.018379999999999997,0.01694499999999999,0.018329999999999978,0.031065,30000,10
17,0.018215000000000002,0.01694999999999998,0.01633999999999998,0.01844499999999998,0.03049999999999999,30000,10
18,0.017199999999999972,0.017669999999999977,0.016839999999999994,0.017539999999999965,0.03200999999999998,30000,10
19,0.017834999999999993,0.016749999999999987,0.016179999999999986,0.018194999999999982,0.02991999999999999,30000,10
20,0.017994999999999966,0.01678999999999999,0.01586499999999998,0.017609999999999987,0.031794999999999976,30000,10
21,0.018774999999999972,0.016954999999999987,0.016499999999999987,0.018449999999999966,0.027699999999999995,30000,10
22,0.018514999999999983,0.017529999999999994,0.016094999999999967,0.017659999999999974,0.029844999999999976,30000,10
23,0.018474999999999984,0.016579999999999987,0.016279999999999992,0.017264999999999985,0.029264999999999996,30000,10
24,0.018009999999999988,0.01678999999999997,0.01716499999999999,0.01943999999999997,0.029110000000000014,30000,10
25,0.017699999999999994,0.017449999999999972,0.016969999999999975,0.01772499999999998,0.029969999999999986,30000,10
26,0.019019999999999985,0.017654999999999976,0.016824999999999996,0.016614999999999994,0.028839999999999994,30000,10
27,0.018384999999999985,0.017945,0.017114999999999995,0.019189999999999978,0.03313,30000,10
28,0.017414999999999972,0.017584999999999996,0.01695999999999999,0.016754999999999985,0.031379999999999963,30000,10
29,0.01832499999999997,0.018224999999999995,0.017404999999999983,0.01946499999999999,0.028599999999999993,30000,10
0,0.018189999999999994,0.015774999999999994,0.01571,0.016519999999999993,0.019869999999999974,10000,20
1,0.018279999999999973,0.016959999999999986,0.015699999999999978,0.017114999999999984,0.020204999999999966,10000,20
2,0.017669999999999977,0.01591999999999999,0.01557999999999999,0.01525999999999998,0.02175499999999998,10000,20
3,0.01719499999999998,0.016229999999999977,0.01558499999999998,0.016424999999999974,0.01909499999999999,10000,20
4,0.01661999999999999,0.015809999999999987,0.015424999999999996,0.019559999999999977,0.019784999999999997,10000,20
5,0.018399999999999975,0.017039999999999965,0.01661499999999997,0.019924999999999967,0.024329999999999984,10000,20
6,0.018834999999999977,0.015199999999999977,0.01529499999999999,0.016339999999999997,0.02109499999999999,10000,20
7,0.018599999999999988,0.016659999999999987,0.01707999999999999,0.018319999999999968,0.023174999999999973,10000,20
8,0.016914999999999993,0.01678999999999999,0.015615000000000006,0.018659999999999986,0.02191999999999996,10000,20
9,0.017404999999999993,0.01756,0.016939999999999986,0.01783499999999999,0.022824999999999984,10000,20
10,0.016564999999999976,0.01589999999999998,0.015265000000000003,0.01467999999999998,0.022345,10000,20
11,0.016429999999999986,0.015694999999999994,0.015184999999999994,0.01650499999999999,0.020964999999999984,10000,20
12,0.01761999999999998,0.016529999999999986,0.016529999999999986,0.02091499999999997,0.022154999999999984,10000,20
13,0.01697999999999997,0.01589499999999999,0.01589499999999999,0.019119999999999967,0.01951999999999998,10000,20
14,0.018474999999999984,0.018394999999999998,0.016619999999999985,0.018654999999999974,0.020304999999999983,10000,20
15,0.017224999999999987,0.015444999999999992,0.015034999999999991,0.01691499999999997,0.02107999999999996,10000,20
16,0.017964999999999974,0.016094999999999967,0.015289999999999979,0.016659999999999973,0.020554999999999993,10000,20
17,0.017339999999999994,0.015519999999999992,0.015304999999999987,0.021009999999999984,0.021509999999999977,10000,20
18,0.016644999999999976,0.016059999999999974,0.015739999999999976,0.016539999999999975,0.02087999999999998,10000,20
19,0.01627499999999998,0.015809999999999998,0.01572999999999999,0.01767499999999998,0.02051499999999998,10000,20
20,0.018399999999999982,0.01683499999999999,0.016115,0.016739999999999974,0.02066499999999998,10000,20
21,0.017154999999999976,0.01612499999999999,0.015549999999999975,0.019279999999999974,0.018964999999999965,10000,20
22,0.017674999999999982,0.01669499999999998,0.016229999999999974,0.017854999999999975,0.025419999999999967,10000,20
23,0.017829999999999985,0.015769999999999996,0.015605,0.017099999999999973,0.025374999999999946,10000,20
24,0.017739999999999975,0.01608499999999998,0.015544999999999965,0.016894999999999983,0.019814999999999992,10000,20
25,0.016604999999999988,0.014224999999999986,0.014604999999999993,0.01507499999999998,0.02097499999999998,10000,20
26,0.018859999999999984,0.016924999999999992,0.015460000000000012,0.01983999999999997,0.019864999999999973,10000,20
27,0.017114999999999988,0.016434999999999988,0.015864999999999994,0.017369999999999965,0.020345,10000,20
28,0.016739999999999988,0.014709999999999994,0.01514999999999999,0.01662499999999998,0.020479999999999977,10000,20
29,0.018904999999999967,0.01751499999999998,0.016704999999999984,0.017894999999999977,0.02197999999999999,10000,20
0,0.01649999999999997,0.015494999999999988,0.01549999999999999,0.01710499999999998,0.019054999999999978,15000,20
1,0.016810000000000002,0.016639999999999985,0.015765,0.017339999999999998,0.01692999999999997,15000,20
2,0.01776,0.016844999999999992,0.016604999999999998,0.016359999999999975,0.02093999999999998,15000,20
3,0.017364999999999988,0.015799999999999995,0.015659999999999966,0.016284999999999973,0.018589999999999992,15000,20
4,0.016489999999999973,0.016474999999999997,0.014819999999999993,0.014679999999999988,0.01806999999999998,15000,20
5,0.017764999999999986,0.016854999999999974,0.01622999999999998,0.020069999999999963,0.01990499999999997,15000,20
6,0.017024999999999974,0.015804999999999996,0.01564999999999999,0.01505999999999997,0.01865999999999999,15000,20
7,0.017394999999999973,0.015764999999999987,0.014819999999999979,0.015984999999999975,0.017294999999999984,15000,20
8,0.016369999999999975,0.014744999999999992,0.015064999999999973,0.01625499999999996,0.019274999999999973,15000,20
9,0.01727499999999999,0.015839999999999993,0.015179999999999985,0.015184999999999981,0.01761999999999997,15000,20
10,0.016749999999999984,0.015544999999999982,0.015409999999999993,0.016084999999999988,0.01769499999999997,15000,20
11,0.01602999999999998,0.015174999999999989,0.014730000000000007,0.014355000000000005,0.019044999999999975,15000,20
12,0.017379999999999986,0.015834999999999978,0.015839999999999993,0.015239999999999991,0.01794499999999998,15000,20
13,0.01792499999999999,0.014574999999999987,0.015044999999999989,0.01535499999999999,0.018909999999999993,15000,20
14,0.017039999999999975,0.015704999999999976,0.014859999999999979,0.019609999999999975,0.019129999999999966,15000,20
15,0.016554999999999993,0.015909999999999994,0.014629999999999987,0.016754999999999985,0.018239999999999965,15000,20
16,0.016619999999999982,0.01621999999999999,0.016360000000000006,0.01583499999999998,0.019234999999999985,15000,20
17,0.01750999999999999,0.015489999999999997,0.014909999999999996,0.016199999999999992,0.017604999999999968,15000,20
18,0.016624999999999984,0.01553999999999999,0.015374999999999988,0.016944999999999974,0.01865499999999996,15000,20
19,0.016899999999999978,0.014699999999999968,0.014669999999999976,0.015204999999999979,0.018259999999999974,15000,20
20,0.016574999999999986,0.016249999999999997,0.015329999999999988,0.01672999999999999,0.018054999999999984,15000,20
21,0.017034999999999977,0.015944999999999977,0.014765000000000006,0.015929999999999982,0.017614999999999985,15000,20
22,0.017399999999999975,0.015469999999999985,0.015434999999999985,0.016774999999999974,0.018259999999999985,15000,20
23,0.016999999999999967,0.01576499999999998,0.015414999999999991,0.017629999999999976,0.01815999999999998,15000,20
24,0.016589999999999983,0.017329999999999974,0.016029999999999982,0.016974999999999987,0.020219999999999985,15000,20
25,0.017629999999999976,0.01635499999999999,0.015884999999999972,0.016149999999999987,0.017564999999999963,15000,20
26,0.016284999999999994,0.01566999999999999,0.014964999999999985,0.01831999999999999,0.017289999999999976,15000,20
27,0.016949999999999976,0.015319999999999983,0.014644999999999972,0.016699999999999965,0.019084999999999977,15000,20
28,0.01621999999999998,0.016305,0.015259999999999989,0.01619499999999998,0.017644999999999973,15000,20
29,0.016804999999999983,0.015589999999999991,0.015404999999999981,0.01670999999999999,0.01891499999999997,15000,20
0,0.017174999999999985,0.015314999999999981,0.013864999999999992,0.014754999999999973,0.018704999999999968,20000,20
1,0.015735,0.015764999999999987,0.014564999999999995,0.014684999999999993,0.016889999999999995,20000,20
2,0.01627999999999999,0.015654999999999992,0.015309999999999995,0.01422999999999998,0.016559999999999978,20000,20
3,0.015759999999999982,0.01710999999999997,0.015359999999999976,0.01585499999999999,0.01739999999999997,20000,20
4,0.01672499999999999,0.016179999999999983,0.014964999999999997,0.013609999999999994,0.017179999999999977,20000,20
5,0.016894999999999983,0.016479999999999984,0.014914999999999979,0.014459999999999995,0.017899999999999985,20000,20
6,0.016245,0.015484999999999995,0.014874999999999992,0.014669999999999996,0.018244999999999973,20000,20
7,0.017679999999999987,0.015564999999999994,0.014799999999999987,0.016139999999999984,0.01823499999999998,20000,20
8,0.01652999999999999,0.015299999999999982,0.014899999999999974,0.015624999999999977,0.017284999999999974,20000,20
9,0.016739999999999984,0.015889999999999998,0.014639999999999985,0.016504999999999992,0.01632999999999998,20000,20
10,0.01677499999999999,0.015199999999999976,0.014579999999999982,0.014924999999999992,0.019655,20000,20
11,0.01574,0.015530000000000004,0.014469999999999997,0.01457499999999998,0.016184999999999963,20000,20
12,0.016749999999999984,0.015559999999999994,0.015029999999999996,0.01711499999999998,0.01666999999999997,20000,20
13,0.015574999999999985,0.015249999999999993,0.015204999999999993,0.015199999999999983,0.018179999999999967,20000,20
14,0.01766999999999996,0.01647499999999998,0.014764999999999993,0.016124999999999987,0.018809999999999983,20000,20
15,0.01567499999999998,0.014729999999999988,0.014705000000000001,0.016024999999999984,0.01710499999999996,20000,20
16,0.017554999999999984,0.01631999999999999,0.015639999999999977,0.014494999999999997,0.017024999999999978,20000,20
17,0.015959999999999978,0.015624999999999976,0.014550000000000002,0.01550499999999998,0.01776499999999998,20000,20
18,0.01779499999999999,0.015394999999999975,0.014669999999999987,0.015719999999999987,0.018074999999999977,20000,20
19,0.017219999999999992,0.01617499999999999,0.014459999999999988,0.01530499999999998,0.01738999999999996,20000,20
20,0.016664999999999992,0.015379999999999991,0.01480499999999998,0.016554999999999966,0.017104999999999974,20000,20
21,0.01700499999999998,0.016794999999999973,0.015324999999999976,0.015609999999999978,0.016744999999999975,20000,20
22,0.01731999999999999,0.015624999999999986,0.014579999999999997,0.014630000000000006,0.01652999999999998,20000,20
23,0.01584,0.015649999999999997,0.013829999999999978,0.014869999999999986,0.016329999999999983,20000,20
24,0.016934999999999974,0.015484999999999985,0.014134999999999983,0.015144999999999988,0.01773999999999999,20000,20
25,0.017269999999999997,0.014804999999999995,0.014529999999999986,0.014204999999999992,0.017794999999999978,20000,20
26,0.015124999999999979,0.01543499999999999,0.013874999999999997,0.014494999999999982,0.01840999999999998,20000,20
27,0.016449999999999982,0.01623999999999998,0.015854999999999987,0.01394499999999998,0.01632499999999998,20000,20
28,0.01620499999999998,0.01497499999999999,0.014469999999999988,0.01674999999999998,0.017034999999999988,20000,20
29,0.016359999999999993,0.015184999999999983,0.014194999999999975,0.015104999999999981,0.01666499999999999,20000,20
0,0.016559999999999978,0.015089999999999998,0.013974999999999993,0.015039999999999965,0.016789999999999982,30000,20
1,0.016164999999999975,0.015269999999999982,0.01451499999999998,0.015069999999999986,0.01684999999999998,30000,20
2,0.016,0.015049999999999982,0.014144999999999979,0.01499499999999999,0.015859999999999982,30000,20
3,0.01615999999999998,0.01591499999999998,0.015214999999999992,0.014559999999999988,0.01681999999999999,30000,20
4,0.014864999999999995,0.015274999999999983,0.014214999999999978,0.01349499999999998,0.01602999999999998,30000,20
5,0.01611999999999998,0.016099999999999975,0.01463999999999997,0.014594999999999974,0.017029999999999976,30000,20
6,0.014934999999999985,0.01542999999999997,0.013634999999999993,0.015294999999999979,0.016594999999999974,30000,20
7,0.014874999999999994,0.015394999999999985,0.014294999999999971,0.01541499999999999,0.017189999999999976,30000,20
8,0.016409999999999984,0.015744999999999995,0.013854999999999992,0.01459499999999997,0.01712999999999998,30000,20
9,0.01612499999999999,0.015305000000000003,0.013314999999999983,0.013719999999999986,0.017654999999999973,30000,20
10,0.015764999999999977,0.015154999999999991,0.014579999999999989,0.014574999999999979,0.016199999999999985,30000,20
11,0.016124999999999976,0.015344999999999984,0.014324999999999984,0.013899999999999985,0.01638499999999998,30000,20
12,0.016305,0.014759999999999987,0.014059999999999996,0.015634999999999975,0.017459999999999965,30000,20
13,0.015359999999999992,0.015349999999999996,0.013679999999999986,0.01532499999999997,0.01738499999999998,30000,20
14,0.017079999999999988,0.015465000000000005,0.01378499999999999,0.013424999999999994,0.016984999999999962,30000,20
15,0.017929999999999977,0.01590499999999998,0.014659999999999973,0.014429999999999978,0.015789999999999967,30000,20
16,0.01652999999999999,0.014279999999999992,0.01330999999999999,0.015259999999999989,0.017344999999999996,30000,20
17,0.015564999999999971,0.015585000000000005,0.013370000000000007,0.01440499999999999,0.016834999999999985,30000,20
18,0.015529999999999997,0.01483999999999997,0.013999999999999986,0.013879999999999993,0.01644999999999996,30000,20
19,0.016059999999999967,0.01440999999999998,0.013684999999999987,0.014354999999999982,0.01581999999999999,30000,20
20,0.01616999999999999,0.014559999999999991,0.013964999999999997,0.014659999999999975,0.01613499999999997,30000,20
21,0.015170000000000003,0.014745000000000013,0.013774999999999976,0.013730000000000003,0.016309999999999977,30000,20
22,0.016529999999999975,0.01471499999999998,0.01351999999999999,0.014819999999999991,0.017249999999999998,30000,20
23,0.016089999999999972,0.01489999999999998,0.014039999999999995,0.014264999999999988,0.016134999999999976,30000,20
24,0.015419999999999968,0.015414999999999996,0.014479999999999991,0.014259999999999974,0.016179999999999976,30000,20
25,0.014774999999999991,0.015184999999999981,0.013974999999999991,0.013924999999999988,0.016324999999999982,30000,20
26,0.01608,0.01566499999999999,0.013845000000000003,0.013719999999999987,0.016939999999999976,30000,20
27,0.015964999999999997,0.01639499999999999,0.01422499999999998,0.015039999999999984,0.01835499999999998,30000,20
28,0.01587,0.01496499999999998,0.01425999999999998,0.013899999999999982,0.016759999999999987,30000,20
29,0.015279999999999985,0.014654999999999987,0.01367999999999999,0.014454999999999973,0.017289999999999976,30000,20
0,0.019684999999999994,0.020464999999999983,0.02043499999999997,0.018944999999999976,0.02240500000000001,10000,50
1,0.020684999999999988,0.01925999999999998,0.01913999999999997,0.019874999999999973,0.020850000000000014,10000,50
2,0.019049999999999977,0.017759999999999984,0.018005,0.020514999999999978,0.02264499999999999,10000,50
3,0.019414999999999995,0.01917999999999999,0.01845499999999997,0.024229999999999984,0.021265000000000006,10000,50
4,0.01921999999999998,0.019064999999999974,0.018814999999999974,0.01943999999999999,0.019159999999999993,10000,50
5,0.02003999999999998,0.020830000000000005,0.019274999999999997,0.018940000000000002,0.025119999999999996,10000,50
6,0.020300000000000006,0.019714999999999993,0.019289999999999995,0.019495000000000023,0.021895000000000026,10000,50
7,0.01952499999999997,0.01955999999999999,0.019544999999999986,0.02031499999999999,0.023860000000000003,10000,50
8,0.02110499999999999,0.019134999999999985,0.019025000000000004,0.020149999999999984,0.024195,10000,50
9,0.021709999999999986,0.020059999999999984,0.019554999999999982,0.019744999999999978,0.023029999999999995,10000,50
10,0.020129999999999978,0.018484999999999988,0.018359999999999998,0.01932499999999997,0.022364999999999996,10000,50
11,0.020469999999999978,0.020275,0.01995499999999999,0.020234999999999982,0.026805000000000002,10000,50
12,0.01925999999999998,0.018894999999999988,0.018739999999999996,0.01954499999999998,0.02063499999999999,10000,50
13,0.01980999999999999,0.018249999999999985,0.018249999999999985,0.01953499999999997,0.022634999999999992,10000,50
14,0.019624999999999983,0.01794999999999998,0.017574999999999983,0.01875999999999999,0.020055,10000,50
15,0.018169999999999985,0.018419999999999985,0.01886499999999999,0.018409999999999985,0.021619999999999986,10000,50
16,0.019054999999999975,0.017914999999999986,0.01752499999999998,0.019584999999999984,0.024025000000000026,10000,50
17,0.02066499999999998,0.019574999999999974,0.019029999999999988,0.019564999999999985,0.021860000000000008,10000,50
18,0.02162999999999999,0.01883999999999999,0.018789999999999998,0.022819999999999983,0.022315000000000005,10000,50
19,0.01872999999999998,0.018534999999999965,0.018019999999999994,0.01941499999999997,0.02295000000000001,10000,50
20,0.020949999999999983,0.018644999999999988,0.01807499999999998,0.019124999999999986,0.022469999999999993,10000,50
21,0.019844999999999967,0.017809999999999975,0.016684999999999978,0.017764999999999982,0.023635000000000014,10000,50
22,0.02094499999999998,0.01987,0.01929000000000001,0.02111499999999996,0.023565,10000,50
23,0.019995000000000006,0.019274999999999994,0.018769999999999974,0.01912,0.021910000000000006,10000,50
24,0.02067999999999998,0.019814999999999958,0.018639999999999976,0.02103999999999999,0.02351000000000002,10000,50
25,0.018669999999999982,0.018489999999999996,0.017964999999999984,0.019874999999999986,0.02418500000000004,10000,50
26,0.019590000000000014,0.01919999999999999,0.01935,0.017654999999999987,0.02073500000000001,10000,50
27,0.019944999999999997,0.019569999999999994,0.019194999999999973,0.023644999999999992,0.022134999999999995,10000,50
28,0.020304999999999972,0.019064999999999978,0.01939,0.020794999999999977,0.020834999999999996,10000,50
29,0.02051499999999999,0.020504999999999985,0.02079499999999999,0.01983499999999998,0.02512499999999998,10000,50
0,0.01990999999999999,0.018989999999999972,0.017959999999999973,0.02269999999999999,0.01752999999999998,15000,50
1,0.01784999999999997,0.019709999999999984,0.01984999999999999,0.017354999999999978,0.017374999999999995,15000,50
2,0.017869999999999976,0.018539999999999984,0.01784999999999999,0.01744999999999998,0.018029999999999987,15000,50
3,0.01853499999999999,0.01767999999999997,0.017474999999999977,0.019284999999999983,0.019229999999999997,15000,50
4,0.019819999999999983,0.018424999999999997,0.018529999999999987,0.018539999999999987,0.01837999999999997,15000,50
5,0.01867499999999998,0.017294999999999994,0.01723999999999999,0.01835499999999998,0.01807499999999998,15000,50
6,0.018209999999999973,0.017559999999999982,0.016999999999999977,0.01746999999999999,0.018639999999999973,15000,50
7,0.018644999999999988,0.01813499999999998,0.017794999999999978,0.017879999999999983,0.02033499999999999,15000,50
8,0.017969999999999986,0.018634999999999992,0.01852999999999999,0.01821499999999998,0.01837499999999999,15000,50
9,0.018774999999999976,0.01816999999999998,0.01803999999999999,0.02340499999999998,0.018209999999999976,15000,50
10,0.016539999999999982,0.018059999999999982,0.01740999999999999,0.020009999999999993,0.020934999999999978,15000,50
11,0.017614999999999985,0.01813,0.017419999999999995,0.018109999999999994,0.022184999999999993,15000,50
12,0.018739999999999982,0.017984999999999977,0.01739999999999997,0.019239999999999983,0.019429999999999982,15000,50
13,0.020014999999999977,0.018649999999999996,0.018464999999999992,0.019859999999999982,0.02014499999999997,15000,50
14,0.018884999999999985,0.017149999999999995,0.01810499999999998,0.01755999999999996,0.019374999999999976,15000,50
15,0.018114999999999985,0.018004999999999983,0.017724999999999984,0.018894999999999974,0.02412499999999997,15000,50
16,0.019224999999999975,0.018439999999999998,0.01835499999999999,0.01864499999999998,0.01760499999999997,15000,50
17,0.019379999999999984,0.017529999999999994,0.01700499999999998,0.020089999999999976,0.018489999999999996,15000,50
18,0.017414999999999993,0.01790999999999997,0.017839999999999977,0.01894999999999999,0.019884999999999986,15000,50
19,0.019699999999999992,0.01818999999999997,0.01826499999999997,0.018669999999999975,0.01933999999999998,15000,50
20,0.01995499999999999,0.017669999999999998,0.017929999999999984,0.018959999999999977,0.018759999999999978,15000,50
21,0.018484999999999977,0.017929999999999963,0.018244999999999977,0.019224999999999964,0.019909999999999973,15000,50
22,0.018049999999999993,0.018024999999999975,0.017075000000000003,0.016744999999999996,0.021664999999999997,15000,50
23,0.017764999999999982,0.018594999999999983,0.01876999999999999,0.01909999999999998,0.019139999999999987,15000,50
24,0.01759499999999997,0.017640000000000006,0.01778499999999999,0.018549999999999987,0.01979499999999998,15000,50
25,0.018914999999999987,0.017859999999999984,0.017859999999999984,0.017739999999999975,0.018879999999999997,15000,50
26,0.01836499999999998,0.018859999999999984,0.017834999999999986,0.018229999999999975,0.01861999999999999,15000,50
27,0.018499999999999996,0.018559999999999976,0.018879999999999977,0.019109999999999988,0.02083,15000,50
28,0.016889999999999992,0.01719499999999998,0.017285000000000005,0.016959999999999982,0.017664999999999976,15000,50
29,0.01941499999999999,0.01873999999999999,0.01820999999999999,0.017144999999999997,0.018135,15000,50
0,0.01879499999999999,0.016879999999999992,0.016354999999999988,0.017400000000000006,0.018409999999999982,20000,50
1,0.019479999999999987,0.018639999999999976,0.017779999999999987,0.017909999999999985,0.018859999999999977,20000,50
2,0.01760499999999998,0.017384999999999984,0.01721499999999998,0.018384999999999974,0.016714999999999976,20000,50
3,0.01855499999999999,0.01818999999999998,0.017549999999999982,0.017954999999999985,0.01896499999999999,20000,50
4,0.01871,0.01727499999999999,0.01725499999999999,0.019609999999999992,0.019024999999999993,20000,50
5,0.018184999999999986,0.01771499999999999,0.017069999999999988,0.01735499999999999,0.019449999999999988,20000,50
6,0.018399999999999996,0.018475000000000002,0.017994999999999994,0.018804999999999978,0.017989999999999985,20000,50
7,0.01829999999999998,0.017394999999999987,0.01687499999999999,0.016694999999999974,0.017824999999999983,20000,50
8,0.01767999999999997,0.018229999999999993,0.017104999999999985,0.017294999999999984,0.016765,20000,50
9,0.01761999999999999,0.01674999999999999,0.01598999999999998,0.016374999999999987,0.02027499999999999,20000,50
10,0.01801499999999995,0.016984999999999976,0.016359999999999993,0.02217999999999998,0.01727999999999999,20000,50
11,0.018789999999999984,0.018204999999999995,0.01721499999999999,0.017714999999999977,0.02025499999999998,20000,50
12,0.019519999999999996,0.017809999999999993,0.016934999999999978,0.017319999999999967,0.018149999999999975,20000,50
13,0.017279999999999976,0.016934999999999988,0.016984999999999986,0.016849999999999983,0.017399999999999992,20000,50
14,0.017769999999999987,0.017070000000000002,0.016764999999999974,0.017424999999999993,0.020259999999999976,20000,50
15,0.017844999999999982,0.01703499999999997,0.016444999999999984,0.01762499999999999,0.021869999999999994,20000,50
16,0.01722499999999998,0.017339999999999973,0.017209999999999975,0.01761999999999998,0.01809499999999997,20000,50
17,0.01783999999999997,0.017124999999999984,0.016049999999999974,0.018379999999999976,0.017759999999999977,20000,50
18,0.018219999999999997,0.017409999999999978,0.01720499999999998,0.01765499999999998,0.020389999999999988,20000,50
19,0.018889999999999973,0.016105,0.015889999999999987,0.01686499999999999,0.01837499999999999,20000,50
20,0.02100999999999999,0.01773499999999998,0.016854999999999995,0.018404999999999998,0.018799999999999973,20000,50
21,0.01774,0.017634999999999998,0.016984999999999993,0.021139999999999968,0.02002999999999997,20000,50
22,0.018389999999999965,0.017464999999999984,0.017084999999999986,0.01844499999999998,0.01855999999999999,20000,50
23,0.01764999999999998,0.017719999999999982,0.017819999999999978,0.01781999999999999,0.01643499999999999,20000,50
24,0.018194999999999982,0.01698999999999999,0.016869999999999993,0.01816499999999998,0.018224999999999984,20000,50
25,0.01730499999999996,0.01771499999999999,0.016554999999999973,0.017359999999999966,0.017914999999999993,20000,50
26,0.01873999999999998,0.016769999999999997,0.01673999999999999,0.01801499999999996,0.01746999999999997,20000,50
27,0.018089999999999978,0.01849500000000001,0.01749,0.018339999999999985,0.018859999999999995,20000,50
28,0.018819999999999976,0.017369999999999983,0.018234999999999987,0.019179999999999982,0.019369999999999988,20000,50
29,0.017484999999999987,0.017349999999999983,0.016359999999999986,0.01746999999999998,0.017819999999999992,20000,50
0,0.016369999999999982,0.016649999999999988,0.015469999999999979,0.01658499999999998,0.017595,30000,50
1,0.01693999999999998,0.01731999999999998,0.01685499999999997,0.016629999999999968,0.017529999999999987,30000,50
2,0.01738999999999999,0.015619999999999974,0.016084999999999985,0.017150000000000006,0.017214999999999984,30000,50
3,0.018254999999999976,0.01730999999999998,0.01730999999999998,0.018204999999999975,0.019824999999999995,30000,50
4,0.017439999999999976,0.017634999999999987,0.016519999999999986,0.016615,0.016669999999999977,30000,50
5,0.016154999999999975,0.01630499999999997,0.014944999999999991,0.016534999999999977,0.018219999999999976,30000,50
6,0.016624999999999956,0.017009999999999973,0.016554999999999983,0.016584999999999985,0.017514999999999996,30000,50
7,0.017304999999999973,0.016284999999999987,0.01564999999999998,0.016774999999999995,0.016719999999999978,30000,50
8,0.016739999999999963,0.016804999999999994,0.016474999999999997,0.016924999999999992,0.018414999999999973,30000,50
9,0.01687999999999999,0.01673499999999999,0.016134999999999976,0.01696999999999998,0.01756499999999998,30000,50
10,0.016604999999999988,0.017964999999999974,0.016009999999999996,0.016994999999999986,0.01729499999999999,30000,50
11,0.017984999999999966,0.016794999999999994,0.01582499999999999,0.016764999999999995,0.018599999999999985,30000,50
12,0.01677499999999999,0.017039999999999986,0.016504999999999985,0.019049999999999973,0.018619999999999984,30000,50
13,0.016029999999999968,0.01647499999999999,0.015919999999999993,0.016059999999999994,0.019254999999999994,30000,50
14,0.01765999999999998,0.015754999999999967,0.015499999999999993,0.01759999999999997,0.017534999999999988,30000,50
15,0.017774999999999982,0.01762999999999999,0.01623499999999999,0.017044999999999977,0.01709500000000001,30000,50
16,0.015889999999999974,0.01630999999999999,0.014874999999999989,0.016054999999999986,0.01672499999999999,30000,50
17,0.017604999999999985,0.016465,0.015459999999999991,0.017164999999999982,0.017284999999999988,30000,50
18,0.016919999999999984,0.01615499999999998,0.015349999999999989,0.016374999999999983,0.01805499999999999,30000,50
19,0.01635999999999998,0.016444999999999994,0.016009999999999993,0.01679499999999999,0.018344999999999972,30000,50
20,0.01698499999999999,0.01610499999999999,0.015709999999999988,0.016604999999999984,0.019229999999999983,30000,50
21,0.017504999999999972,0.017369999999999986,0.01615499999999999,0.01753999999999998,0.019934999999999984,30000,50
22,0.015960000000000012,0.016589999999999983,0.016075,0.01635,0.018335000000000004,30000,50
23,0.01675,0.016274999999999984,0.015524999999999988,0.01722999999999999,0.01721999999999996,30000,50
24,0.01748499999999999,0.01584499999999998,0.01640999999999997,0.017179999999999973,0.019679999999999986,30000,50
25,0.01623999999999998,0.017184999999999985,0.01594499999999999,0.01625499999999999,0.017904999999999976,30000,50
26,0.018809999999999983,0.017384999999999987,0.01687999999999997,0.018164999999999976,0.01759499999999998,30000,50
27,0.01729499999999998,0.016629999999999975,0.016039999999999985,0.016549999999999978,0.018689999999999988,30000,50
28,0.016864999999999974,0.017639999999999975,0.016800000000000002,0.018509999999999985,0.01746499999999999,30000,50
29,0.017244999999999986,0.016144999999999996,0.015209999999999987,0.01663999999999999,0.018149999999999975,30000,50
